{
    "best_value": 0.34709639953542387,
    "best_params": {
        "d_token": 192,
        "n_layers": 3,
        "attention_dropout": 0.12871777391898406,
        "ffn_dropout": 0.030599502655187016,
        "d_ffn_factor": 2.8755179885337183,
        "lr": 0.0009220246488039661
    }
}