{
    "best_value": 0.9783670889685542,
    "best_params": {
        "d_token": 128,
        "n_layers": 3,
        "attention_dropout": 0.05884342303936069,
        "ffn_dropout": 0.434135164718564,
        "d_ffn_factor": 2.178688578431111,
        "lr": 0.0019400896316240195
    }
}