{
    "best_value": 0.7010141131718903,
    "best_params": {
        "d_token": 160,
        "n_layers": 4,
        "attention_dropout": 0.26270732827419796,
        "ffn_dropout": 0.317742211702386,
        "d_ffn_factor": 1.3128820968630162,
        "lr": 0.0009018326574889861
    }
}