{
    "best_value": 0.9849050762739247,
    "best_params": {
        "d_token": 224,
        "n_layers": 3,
        "attention_dropout": 0.032217583180133236,
        "ffn_dropout": 0.09684482479953736,
        "d_ffn_factor": 1.8528410389172016,
        "lr": 0.00024339798495707392
    }
}