{
    "best_value": 0.9996694168099944,
    "best_params": {
        "d_token": 128,
        "n_layers": 3,
        "attention_dropout": 0.08898224200102028,
        "ffn_dropout": 0.18351303959916196,
        "d_ffn_factor": 2.854449710438434,
        "lr": 0.0014051488813732196
    }
}