{
    "best_value": 0.9522345149695678,
    "best_params": {
        "d_token": 192,
        "n_layers": 2,
        "attention_dropout": 0.04664481534893551,
        "ffn_dropout": 0.44551333548247624,
        "d_ffn_factor": 2.6083054450394307,
        "lr": 0.0013667330419353586
    }
}