{
    "best_value": 0.5682165729608092,
    "best_params": {
        "d_token": 224,
        "n_layers": 4,
        "attention_dropout": 0.1720531336132308,
        "ffn_dropout": 0.22226197306442544,
        "d_ffn_factor": 1.4865497899110793,
        "lr": 0.00021777804157509798
    }
}