{
    "best_value": 0.9076109936575053,
    "best_params": {
        "d_token": 160,
        "n_layers": 3,
        "attention_dropout": 0.3497239366443424,
        "ffn_dropout": 0.04276358958829651,
        "d_ffn_factor": 2.353243901327387,
        "lr": 0.00020892866730656202
    }
}