{
    "best_value": 0.7315161643503287,
    "best_params": {
        "d_token": 64,
        "n_layers": 4,
        "attention_dropout": 0.27057220686864375,
        "ffn_dropout": 0.14026704125585668,
        "d_ffn_factor": 1.393243609543349,
        "lr": 0.0009128068468227149
    }
}