{
    "best_value": 0.773529411764706,
    "best_params": {
        "d_token": 128,
        "n_layers": 2,
        "attention_dropout": 0.3564193020288683,
        "ffn_dropout": 0.0004973486071790031,
        "d_ffn_factor": 1.6085599439039429,
        "lr": 0.00022527596184852052
    }
}