{
    "best_value": 0.7935023641462424,
    "best_params": {
        "d_token": 64,
        "n_layers": 2,
        "attention_dropout": 0.024803058405415867,
        "ffn_dropout": 0.4479382740917351,
        "d_ffn_factor": 1.8712641212248329,
        "lr": 0.002340318626230484
    }
}