{
    "best_value": 0.6491432877758678,
    "best_params": {
        "d_token": 256,
        "n_layers": 4,
        "attention_dropout": 0.3548976663319517,
        "ffn_dropout": 0.4081549832274025,
        "d_ffn_factor": 1.4951190565876957,
        "lr": 0.00039503685923449706
    }
}