{
    "best_value": 0.6941505723085951,
    "best_params": {
        "d_token": 256,
        "n_layers": 4,
        "attention_dropout": 0.34081577923823597,
        "ffn_dropout": 0.353217504148424,
        "d_ffn_factor": 2.3769330072393964,
        "lr": 0.00017727152010238025
    }
}