{
    "best_value": 0.8468533568918442,
    "best_params": {
        "d_token": 128,
        "n_layers": 2,
        "attention_dropout": 0.21274315994651205,
        "ffn_dropout": 0.11611343327238163,
        "d_ffn_factor": 2.9197406329009983,
        "lr": 0.002370466053506688
    }
}