{
    "best_value": 0.7785714285714285,
    "best_params": {
        "d_token": 192,
        "n_layers": 4,
        "attention_dropout": 0.029138794342165857,
        "ffn_dropout": 0.27001756390051934,
        "d_ffn_factor": 1.3994710711335876,
        "lr": 0.0005651401477978282
    }
}