{
    "best_value": 1.0,
    "best_params": {
        "d_token": 192,
        "n_layers": 4,
        "attention_dropout": 0.12984990830827267,
        "ffn_dropout": 0.3077871953696656,
        "d_ffn_factor": 2.734671124029948,
        "lr": 0.00031593227269040443
    }
}