{
    "best_value": 0.4139158031822956,
    "best_params": {
        "d_token": 128,
        "n_layers": 4,
        "attention_dropout": 0.31196944833353835,
        "ffn_dropout": 0.30470560950297154,
        "d_ffn_factor": 2.453011012923379,
        "lr": 0.0007048586498147694
    }
}