{
    "best_value": 0.721854427119601,
    "best_params": {
        "d_token": 256,
        "n_layers": 3,
        "attention_dropout": 0.039152283161694265,
        "ffn_dropout": 0.3861845334503806,
        "d_ffn_factor": 2.144002864946539,
        "lr": 0.0004112172061374134
    }
}