{
    "best_value": 0.8646578048823059,
    "best_params": {
        "d_token": 256,
        "n_layers": 4,
        "attention_dropout": 0.4806030620266171,
        "ffn_dropout": 0.1760164210782111,
        "d_ffn_factor": 1.8487737017413917,
        "lr": 0.0003022338183500564
    }
}