{
    "best_value": 0.8815981486717261,
    "best_params": {
        "d_token": 160,
        "n_layers": 3,
        "attention_dropout": 0.0254385390619431,
        "ffn_dropout": 0.4722863268977044,
        "d_ffn_factor": 2.9712543639909423,
        "lr": 0.001911432923907871
    }
}