{
    "best_value": 0.8153278292439599,
    "best_params": {
        "d_token": 160,
        "n_layers": 4,
        "attention_dropout": 0.30075378244963963,
        "ffn_dropout": 0.2365805943196943,
        "d_ffn_factor": 2.5584514696268728,
        "lr": 0.0014480300804784732
    }
}