{
    "best_value": 0.9999999999635983,
    "best_params": {
        "d_token": 160,
        "n_layers": 4,
        "attention_dropout": 0.04911594210224378,
        "ffn_dropout": 0.27294636325072613,
        "d_ffn_factor": 1.713413540448746,
        "lr": 0.000562818493212976
    }
}