{
    "best_value": 0.8025856044723969,
    "best_params": {
        "d_token": 128,
        "n_layers": 2,
        "attention_dropout": 0.059318582757231814,
        "ffn_dropout": 0.19039783860512677,
        "d_ffn_factor": 2.7819717121813503,
        "lr": 0.0018961978784154175
    }
}