{
    "best_value": 0.9864429105476142,
    "best_params": {
        "d_token": 192,
        "n_layers": 3,
        "attention_dropout": 0.00359858979262781,
        "ffn_dropout": 0.43050469407014175,
        "d_ffn_factor": 2.5290695022731953,
        "lr": 0.00198449160257217
    }
}