{
    "trial_number": 10,
    "params": {
        "time_left_for_this_task": 60,
        "per_run_time_limit": 60,
        "ensemble_size": 20
    },
    "value": 0.25806451612903225,
    "time": 1764136050.2390008
}