{
    "trial_number": 14,
    "params": {
        "time_left_for_this_task": 120,
        "per_run_time_limit": 60,
        "ensemble_size": 30
    },
    "value": 0.25806451612903225,
    "time": 1764136398.1904812
}