{
    "trial_number": 5,
    "params": {
        "time_left_for_this_task": 300,
        "per_run_time_limit": 45,
        "ensemble_size": 50
    },
    "value": 0.20430107526881722,
    "time": 1764135332.676145
}