{
    "trial_number": 6,
    "params": {
        "time_left_for_this_task": 120,
        "per_run_time_limit": 45,
        "ensemble_size": 20
    },
    "value": 0.25806451612903225,
    "time": 1764135453.6842372
}