{
    "trial_number": 7,
    "params": {
        "time_left_for_this_task": 120,
        "per_run_time_limit": 60,
        "ensemble_size": 40
    },
    "value": 0.9999999999498405,
    "time": 1764098453.4467943
}