{
    "trial_number": 16,
    "params": {
        "time_left_for_this_task": 120,
        "per_run_time_limit": 15,
        "ensemble_size": 30
    },
    "value": 0.23655913978494625,
    "time": 1764136570.8303063
}