{
    "trial_number": 9,
    "params": {
        "time_left_for_this_task": 60,
        "per_run_time_limit": 15,
        "ensemble_size": 20
    },
    "value": 0.9999999999498405,
    "time": 1764098690.0380714
}