{
    "trial_number": 8,
    "params": {
        "time_left_for_this_task": 180,
        "per_run_time_limit": 60,
        "ensemble_size": 30
    },
    "value": 0.9999999999498405,
    "time": 1764098631.8472843
}