{
    "trial_number": 0,
    "params": {
        "time_left_for_this_task": 180,
        "per_run_time_limit": 30,
        "ensemble_size": 40
    },
    "value": 0.9999999999498405,
    "time": 1764097373.0740228
}