{
    "trial_number": 9,
    "params": {
        "time_left_for_this_task": 120,
        "per_run_time_limit": 15,
        "ensemble_size": 40
    },
    "value": 0.6330419535925819,
    "time": 1764066040.7789934
}