{
    "trial_number": 4,
    "params": {
        "time_left_for_this_task": 240,
        "per_run_time_limit": 60,
        "ensemble_size": 10
    },
    "value": 0.6330419535925819,
    "time": 1764065400.5661242
}