{
    "trial_number": 17,
    "params": {
        "time_left_for_this_task": 300,
        "per_run_time_limit": 45,
        "ensemble_size": 50
    },
    "value": 0.5818848523811515,
    "time": 1764067882.788193
}