{
    "trial_number": 7,
    "params": {
        "time_left_for_this_task": 300,
        "per_run_time_limit": 45,
        "ensemble_size": 10
    },
    "value": 0.9750998267305059,
    "time": 1764047068.8962376
}