{
    "trial_number": 15,
    "params": {
        "time_left_for_this_task": 60,
        "per_run_time_limit": 45,
        "ensemble_size": 50
    },
    "value": 0.9834699358455762,
    "time": 1764047841.0634227
}