{
    "trial_number": 14,
    "params": {
        "time_left_for_this_task": 240,
        "per_run_time_limit": 45,
        "ensemble_size": 50
    },
    "value": 0.9219124670328407,
    "time": 1764074054.2798474
}