{
    "trial_number": 3,
    "params": {
        "time_left_for_this_task": 180,
        "per_run_time_limit": 45,
        "ensemble_size": 20
    },
    "value": 0.7847348746190522,
    "time": 1764101098.468203
}