{
    "trial_number": 18,
    "params": {
        "time_left_for_this_task": 180,
        "per_run_time_limit": 45,
        "ensemble_size": 50
    },
    "value": 0.6078530201175509,
    "time": 1764103610.7227745
}