{
    "trial_number": 1,
    "params": {
        "time_left_for_this_task": 60,
        "per_run_time_limit": 45,
        "ensemble_size": 10
    },
    "value": 0.4999999999650735,
    "time": 1764100672.693535
}