{
    "trial_number": 8,
    "params": {
        "time_left_for_this_task": 300,
        "per_run_time_limit": 45,
        "ensemble_size": 30
    },
    "value": 0.4999999999650735,
    "time": 1764102113.317028
}