{
    "trial_number": 6,
    "params": {
        "time_left_for_this_task": 240,
        "per_run_time_limit": 60,
        "ensemble_size": 10
    },
    "value": 0.4183519823551818,
    "time": 1764062894.7205129
}