{
    "trial_number": 5,
    "params": {
        "time_left_for_this_task": 60,
        "per_run_time_limit": 45,
        "ensemble_size": 50
    },
    "value": 0.4810902623974558,
    "time": 1764062659.3387916
}