{
    "trial_number": 15,
    "params": {
        "time_left_for_this_task": 180,
        "per_run_time_limit": 15,
        "ensemble_size": 20
    },
    "value": 0.4604559367225529,
    "time": 1764064280.1481478
}