{
    "trial_number": 9,
    "params": {
        "time_left_for_this_task": 60,
        "per_run_time_limit": 15,
        "ensemble_size": 40
    },
    "value": 0.4774999027528974,
    "time": 1764063499.8826847
}