{
    "trial_number": 10,
    "params": {
        "time_left_for_this_task": 300,
        "per_run_time_limit": 15,
        "ensemble_size": 50
    },
    "value": 0.9473684210526315,
    "time": 1764151112.1948252
}