{
    "trial_number": 11,
    "params": {
        "time_left_for_this_task": 300,
        "per_run_time_limit": 15,
        "ensemble_size": 50
    },
    "value": 0.9342105263157895,
    "time": 1764151421.1851656
}