{
    "trial_number": 2,
    "params": {
        "time_left_for_this_task": 240,
        "per_run_time_limit": 45,
        "ensemble_size": 10
    },
    "value": 0.9210526315789473,
    "time": 1764149304.3569686
}