{
    "trial_number": 14,
    "params": {
        "time_left_for_this_task": 120,
        "per_run_time_limit": 15,
        "ensemble_size": 40
    },
    "value": 0.9276315789473685,
    "time": 1764152089.441252
}