{
    "trial_number": 16,
    "params": {
        "time_left_for_this_task": 180,
        "per_run_time_limit": 60,
        "ensemble_size": 30
    },
    "value": 0.8969072164948454,
    "time": 1764119523.927913
}