{
    "trial_number": 4,
    "params": {
        "time_left_for_this_task": 60,
        "per_run_time_limit": 45,
        "ensemble_size": 10
    },
    "value": 0.8969072164948454,
    "time": 1764117438.466735
}