{
    "trial_number": 17,
    "params": {
        "time_left_for_this_task": 240,
        "per_run_time_limit": 45,
        "ensemble_size": 40
    },
    "value": 0.9072164948453608,
    "time": 1764119775.7469592
}