{
    "trial_number": 0,
    "params": {
        "time_left_for_this_task": 60,
        "per_run_time_limit": 30,
        "ensemble_size": 40
    },
    "value": 0.609688540654515,
    "time": 1764057380.1729267
}