{
    "trial_number": 11,
    "params": {
        "time_left_for_this_task": 300,
        "per_run_time_limit": 45,
        "ensemble_size": 40
    },
    "value": 0.609688540654515,
    "time": 1764059417.9637969
}