{
    "trial_number": 5,
    "params": {
        "time_left_for_this_task": 300,
        "per_run_time_limit": 30,
        "ensemble_size": 40
    },
    "value": 0.9175257731958762,
    "time": 1764117734.0242221
}