{
    "trial_number": 9,
    "params": {
        "time_left_for_this_task": 180,
        "per_run_time_limit": 60,
        "ensemble_size": 10
    },
    "value": 0.5331571623424891,
    "time": 1764058825.0289457
}