{
    "trial_number": 19,
    "params": {
        "time_left_for_this_task": 120,
        "per_run_time_limit": 60,
        "ensemble_size": 40
    },
    "value": 0.5301869043437154,
    "time": 1764061408.050549
}