{
    "trial_number": 11,
    "params": {
        "time_left_for_this_task": 240,
        "per_run_time_limit": 60,
        "ensemble_size": 30
    },
    "value": 0.7763157894736842,
    "time": 1764144099.9969282
}