{
    "trial_number": 1,
    "params": {
        "time_left_for_this_task": 240,
        "per_run_time_limit": 15,
        "ensemble_size": 30
    },
    "value": 0.7894736842105263,
    "time": 1764142021.4506104
}