{
    "trial_number": 9,
    "params": {
        "time_left_for_this_task": 300,
        "per_run_time_limit": 30,
        "ensemble_size": 10
    },
    "value": 0.7368421052631579,
    "time": 1764143806.81297
}