{
    "trial_number": 4,
    "params": {
        "time_left_for_this_task": 180,
        "per_run_time_limit": 60,
        "ensemble_size": 20
    },
    "value": 0.7763157894736842,
    "time": 1764142554.9724448
}