{
    "trial_number": 16,
    "params": {
        "time_left_for_this_task": 180,
        "per_run_time_limit": 30,
        "ensemble_size": 10
    },
    "value": 0.677449037233956,
    "time": 1764111236.4596639
}