{
    "trial_number": 17,
    "params": {
        "time_left_for_this_task": 300,
        "per_run_time_limit": 15,
        "ensemble_size": 10
    },
    "value": 0.677449037233956,
    "time": 1764111533.8354595
}