{
    "trial_number": 13,
    "params": {
        "time_left_for_this_task": 300,
        "per_run_time_limit": 30,
        "ensemble_size": 20
    },
    "value": 0.6950480468429684,
    "time": 1764110749.3016424
}