{
    "trial_number": 3,
    "params": {
        "time_left_for_this_task": 240,
        "per_run_time_limit": 15,
        "ensemble_size": 50
    },
    "value": 0.6950480468429684,
    "time": 1764109005.4987562
}