{
    "trial_number": 18,
    "params": {
        "time_left_for_this_task": 60,
        "per_run_time_limit": 30,
        "ensemble_size": 20
    },
    "value": 0.6826402935125454,
    "time": 1764111593.4710746
}