{
    "trial_number": 4,
    "params": {
        "time_left_for_this_task": 60,
        "per_run_time_limit": 60,
        "ensemble_size": 10
    },
    "value": 0.6826402935125454,
    "time": 1764109069.3761377
}