{
    "trial_number": 9,
    "params": {
        "time_left_for_this_task": 180,
        "per_run_time_limit": 15,
        "ensemble_size": 30
    },
    "value": 0.4714285714285714,
    "time": 1764121499.631683
}