{
    "trial_number": 0,
    "params": {
        "time_left_for_this_task": 120,
        "per_run_time_limit": 15,
        "ensemble_size": 50
    },
    "value": 0.45714285714285713,
    "time": 1764120192.6686623
}