{
    "trial_number": 8,
    "params": {
        "time_left_for_this_task": 60,
        "per_run_time_limit": 15,
        "ensemble_size": 10
    },
    "value": 0.44285714285714284,
    "time": 1764121323.320478
}