{
    "trial_number": 7,
    "params": {
        "time_left_for_this_task": 240,
        "per_run_time_limit": 45,
        "ensemble_size": 50
    },
    "value": 0.4857142857142857,
    "time": 1764121260.4014819
}