{
    "trial_number": 15,
    "params": {
        "time_left_for_this_task": 300,
        "per_run_time_limit": 60,
        "ensemble_size": 40
    },
    "value": 0.4714285714285714,
    "time": 1764123119.7501204
}