{
    "trial_number": 17,
    "params": {
        "time_left_for_this_task": 60,
        "per_run_time_limit": 45,
        "ensemble_size": 20
    },
    "value": 0.5407071684383767,
    "time": 1764050742.5046303
}