{
    "trial_number": 16,
    "params": {
        "time_left_for_this_task": 180,
        "per_run_time_limit": 60,
        "ensemble_size": 30
    },
    "value": 0.4834131511237104,
    "time": 1764050686.2699919
}