{
    "trial_number": 17,
    "params": {
        "time_left_for_this_task": 240,
        "per_run_time_limit": 15,
        "ensemble_size": 20
    },
    "value": 0.4206222496656319,
    "time": 1764115360.8718455
}