{
    "trial_number": 9,
    "params": {
        "time_left_for_this_task": 60,
        "per_run_time_limit": 15,
        "ensemble_size": 50
    },
    "value": 0.3922322702660594,
    "time": 1764113981.9879632
}