{
    "trial_number": 8,
    "params": {
        "time_left_for_this_task": 60,
        "per_run_time_limit": 60,
        "ensemble_size": 10
    },
    "value": 0.35805743701030596,
    "time": 1764113925.3475323
}