{
    "trial_number": 13,
    "params": {
        "time_left_for_this_task": 60,
        "per_run_time_limit": 30,
        "ensemble_size": 40
    },
    "value": 0.6638357975152808,
    "time": 1764077691.2952821
}