{
    "trial_number": 7,
    "params": {
        "time_left_for_this_task": 300,
        "per_run_time_limit": 60,
        "ensemble_size": 50
    },
    "value": 0.6638357975152808,
    "time": 1764076683.564166
}