{
    "trial_number": 12,
    "params": {
        "time_left_for_this_task": 180,
        "per_run_time_limit": 60,
        "ensemble_size": 30
    },
    "value": 0.6638357975152808,
    "time": 1764077634.613727
}