{
    "trial_number": 4,
    "params": {
        "time_left_for_this_task": 300,
        "per_run_time_limit": 45,
        "ensemble_size": 40
    },
    "value": 0.6638357975152808,
    "time": 1764075785.750763
}