{
    "trial_number": 9,
    "params": {
        "time_left_for_this_task": 180,
        "per_run_time_limit": 15,
        "ensemble_size": 20
    },
    "value": 0.6638357975152808,
    "time": 1764077162.116545
}