{
    "trial_number": 10,
    "params": {
        "time_left_for_this_task": 180,
        "per_run_time_limit": 60,
        "ensemble_size": 50
    },
    "value": 0.7321428571428571,
    "time": 1764126047.2701535
}