{
    "trial_number": 19,
    "params": {
        "time_left_for_this_task": 180,
        "per_run_time_limit": 15,
        "ensemble_size": 30
    },
    "value": 0.7071428571428572,
    "time": 1764127515.0793502
}