{
    "trial_number": 17,
    "params": {
        "time_left_for_this_task": 120,
        "per_run_time_limit": 45,
        "ensemble_size": 50
    },
    "value": 0.6964285714285714,
    "time": 1764127160.4117694
}