{
    "trial_number": 5,
    "params": {
        "time_left_for_this_task": 180,
        "per_run_time_limit": 60,
        "ensemble_size": 10
    },
    "value": 0.993421052631579,
    "time": 1764138134.0072646
}