{
    "trial_number": 4,
    "params": {
        "time_left_for_this_task": 120,
        "per_run_time_limit": 30,
        "ensemble_size": 10
    },
    "value": 0.993421052631579,
    "time": 1764137954.4609077
}