{
    "trial_number": 6,
    "params": {
        "time_left_for_this_task": 180,
        "per_run_time_limit": 15,
        "ensemble_size": 50
    },
    "value": 0.9868421052631579,
    "time": 1764138315.0957294
}