{
    "trial_number": 10,
    "params": {
        "time_left_for_this_task": 60,
        "per_run_time_limit": 15,
        "ensemble_size": 50
    },
    "value": 0.6061341836592302,
    "time": 1764091188.6501272
}