{
    "trial_number": 7,
    "params": {
        "time_left_for_this_task": 120,
        "per_run_time_limit": 60,
        "ensemble_size": 40
    },
    "value": 0.4529108136472414,
    "time": 1764069599.1462061
}