{
    "trial_number": 14,
    "params": {
        "time_left_for_this_task": 180,
        "per_run_time_limit": 60,
        "ensemble_size": 40
    },
    "value": 0.20201971638940597,
    "time": 1764070560.8122678
}