{
    "trial_number": 16,
    "params": {
        "time_left_for_this_task": 120,
        "per_run_time_limit": 30,
        "ensemble_size": 30
    },
    "value": 0.20149017493761529,
    "time": 1764070919.1452744
}