{
    "trial_number": 0,
    "params": {
        "time_left_for_this_task": 120,
        "per_run_time_limit": 60,
        "ensemble_size": 10
    },
    "value": 0.4529108136472414,
    "time": 1764068423.319897
}