{
    "trial_number": 12,
    "params": {
        "time_left_for_this_task": 240,
        "per_run_time_limit": 45,
        "ensemble_size": 40
    },
    "value": 0.5315935714431421,
    "time": 1764055940.6790268
}