{
    "trial_number": 10,
    "params": {
        "time_left_for_this_task": 120,
        "per_run_time_limit": 15,
        "ensemble_size": 30
    },
    "value": 0.5725983342986705,
    "time": 1764055570.9124434
}