{
    "trial_number": 3,
    "params": {
        "time_left_for_this_task": 120,
        "per_run_time_limit": 45,
        "ensemble_size": 30
    },
    "value": 0.7476217823207549,
    "time": 1764054449.9083805
}