{
    "trial_number": 15,
    "params": {
        "time_left_for_this_task": 120,
        "per_run_time_limit": 15,
        "ensemble_size": 50
    },
    "value": 0.6492654830074749,
    "time": 1764056486.3634524
}