{
    "trial_number": 10,
    "params": {
        "time_left_for_this_task": 300,
        "per_run_time_limit": 60,
        "ensemble_size": 30
    },
    "value": 0.8166631958708925,
    "time": 1764105762.8952527
}