{
    "trial_number": 6,
    "params": {
        "time_left_for_this_task": 60,
        "per_run_time_limit": 15,
        "ensemble_size": 50
    },
    "value": 0.8105175972737185,
    "time": 1764104859.158559
}