{
    "trial_number": 17,
    "params": {
        "time_left_for_this_task": 300,
        "per_run_time_limit": 60,
        "ensemble_size": 20
    },
    "value": 0.8166631958708925,
    "time": 1764107679.275636
}