{
    "trial_number": 7,
    "params": {
        "time_left_for_this_task": 180,
        "per_run_time_limit": 45,
        "ensemble_size": 30
    },
    "value": 0.7679817174578655,
    "time": 1764105035.852378
}