{
    "trial_number": 5,
    "params": {
        "time_left_for_this_task": 180,
        "per_run_time_limit": 45,
        "ensemble_size": 50
    },
    "value": 0.9596412556053812,
    "time": 1764146673.4474814
}