{
    "trial_number": 14,
    "params": {
        "time_left_for_this_task": 180,
        "per_run_time_limit": 30,
        "ensemble_size": 40
    },
    "value": 0.9551569506726457,
    "time": 1764148117.1205058
}