{
    "trial_number": 11,
    "params": {
        "time_left_for_this_task": 120,
        "per_run_time_limit": 45,
        "ensemble_size": 50
    },
    "value": 0.9461883408071748,
    "time": 1764147642.5504582
}