{
    "trial_number": 16,
    "params": {
        "time_left_for_this_task": 120,
        "per_run_time_limit": 45,
        "ensemble_size": 30
    },
    "value": 0.9461883408071748,
    "time": 1764148290.055784
}