{
    "trial_number": 6,
    "params": {
        "time_left_for_this_task": 120,
        "per_run_time_limit": 30,
        "ensemble_size": 20
    },
    "value": 0.7924799920674739,
    "time": 1764080027.7629397
}