{
    "trial_number": 19,
    "params": {
        "time_left_for_this_task": 120,
        "per_run_time_limit": 60,
        "ensemble_size": 50
    },
    "value": 0.789293592659118,
    "time": 1764081690.4555616
}