{
    "trial_number": 13,
    "params": {
        "time_left_for_this_task": 240,
        "per_run_time_limit": 45,
        "ensemble_size": 20
    },
    "value": 0.973601129638503,
    "time": 1764095800.5086603
}