{
    "trial_number": 3,
    "params": {
        "time_left_for_this_task": 240,
        "per_run_time_limit": 60,
        "ensemble_size": 30
    },
    "value": 0.9677885336312938,
    "time": 1764093885.9319153
}