{
    "trial_number": 19,
    "params": {
        "time_left_for_this_task": 240,
        "per_run_time_limit": 30,
        "ensemble_size": 10
    },
    "value": 0.9897433185948656,
    "time": 1764097180.6448236
}