{
    "trial_number": 14,
    "params": {
        "time_left_for_this_task": 300,
        "per_run_time_limit": 15,
        "ensemble_size": 10
    },
    "value": 0.9897433185948656,
    "time": 1764096102.60637
}