{
    "trial_number": 2,
    "params": {
        "time_left_for_this_task": 180,
        "per_run_time_limit": 30,
        "ensemble_size": 10
    },
    "value": 0.7647058823529411,
    "time": 1764127994.7610056
}