{
    "trial_number": 6,
    "params": {
        "time_left_for_this_task": 60,
        "per_run_time_limit": 30,
        "ensemble_size": 50
    },
    "value": 0.7647058823529411,
    "time": 1764128600.6292613
}