{
    "trial_number": 4,
    "params": {
        "time_left_for_this_task": 300,
        "per_run_time_limit": 45,
        "ensemble_size": 20
    },
    "value": 0.7647058823529411,
    "time": 1764128421.131448
}