{
    "trial_number": 16,
    "params": {
        "time_left_for_this_task": 240,
        "per_run_time_limit": 60,
        "ensemble_size": 40
    },
    "value": 0.7563025210084033,
    "time": 1764130093.3591993
}