{
    "trial_number": 5,
    "params": {
        "time_left_for_this_task": 120,
        "per_run_time_limit": 30,
        "ensemble_size": 40
    },
    "value": 0.7815126050420168,
    "time": 1764128542.6489813
}