{
    "trial_number": 13,
    "params": {
        "time_left_for_this_task": 240,
        "per_run_time_limit": 45,
        "ensemble_size": 20
    },
    "value": 0.7647058823529411,
    "time": 1764129555.3163896
}