{
    "trial_number": 7,
    "params": {
        "time_left_for_this_task": 240,
        "per_run_time_limit": 30,
        "ensemble_size": 50
    },
    "value": 0.7478991596638656,
    "time": 1764128837.0667331
}