{
    "trial_number": 19,
    "params": {
        "time_left_for_this_task": 180,
        "per_run_time_limit": 60,
        "ensemble_size": 40
    },
    "value": 0.7563025210084033,
    "time": 1764130440.728984
}