{
    "trial_number": 18,
    "params": {
        "time_left_for_this_task": 240,
        "per_run_time_limit": 30,
        "ensemble_size": 30
    },
    "value": 0.9424460431654677,
    "time": 1764156875.0192177
}