{
    "trial_number": 0,
    "params": {
        "time_left_for_this_task": 120,
        "per_run_time_limit": 30,
        "ensemble_size": 40
    },
    "value": 0.920863309352518,
    "time": 1764153291.7929318
}