{
    "trial_number": 5,
    "params": {
        "time_left_for_this_task": 180,
        "per_run_time_limit": 45,
        "ensemble_size": 30
    },
    "value": 0.9568345323741008,
    "time": 1764154609.8207583
}