{
    "trial_number": 3,
    "params": {
        "time_left_for_this_task": 300,
        "per_run_time_limit": 60,
        "ensemble_size": 50
    },
    "value": 0.8992805755395683,
    "time": 1764154132.1828482
}