{
    "trial_number": 6,
    "params": {
        "time_left_for_this_task": 240,
        "per_run_time_limit": 45,
        "ensemble_size": 40
    },
    "value": 0.920863309352518,
    "time": 1764154849.260692
}