{
    "trial_number": 14,
    "params": {
        "time_left_for_this_task": 180,
        "per_run_time_limit": 15,
        "ensemble_size": 20
    },
    "value": 0.9424460431654677,
    "time": 1764156212.6987748
}