{
    "trial_number": 4,
    "params": {
        "time_left_for_this_task": 300,
        "per_run_time_limit": 15,
        "ensemble_size": 40
    },
    "value": 0.935251798561151,
    "time": 1764154434.9194684
}