{
    "trial_number": 7,
    "params": {
        "time_left_for_this_task": 300,
        "per_run_time_limit": 15,
        "ensemble_size": 10
    },
    "value": 0.9503819265979565,
    "time": 1764052791.2912784
}