{
    "trial_number": 12,
    "params": {
        "time_left_for_this_task": 60,
        "per_run_time_limit": 45,
        "ensemble_size": 20
    },
    "value": 0.9503819265979565,
    "time": 1764053201.3990989
}