{
    "trial_number": 8,
    "params": {
        "time_left_for_this_task": 60,
        "per_run_time_limit": 60,
        "ensemble_size": 10
    },
    "value": 0.9672041516238821,
    "time": 1764052847.8833268
}