{
    "trial_number": 16,
    "params": {
        "time_left_for_this_task": 120,
        "per_run_time_limit": 60,
        "ensemble_size": 10
    },
    "value": 0.9332565252328072,
    "time": 1764053563.517885
}