{
    "trial_number": 9,
    "params": {
        "time_left_for_this_task": 180,
        "per_run_time_limit": 45,
        "ensemble_size": 50
    },
    "value": 0.9332565252328072,
    "time": 1764053027.582258
}