{
    "trial_number": 3,
    "params": {
        "time_left_for_this_task": 60,
        "per_run_time_limit": 30,
        "ensemble_size": 50
    },
    "value": 0.994750474819636,
    "time": 1764097607.5738862
}