{
    "trial_number": 19,
    "params": {
        "time_left_for_this_task": 180,
        "per_run_time_limit": 15,
        "ensemble_size": 40
    },
    "value": 0.9999999999498405,
    "time": 1764100500.3095386
}