{
    "trial_number": 16,
    "params": {
        "time_left_for_this_task": 120,
        "per_run_time_limit": 45,
        "ensemble_size": 20
    },
    "value": 0.9999999999498405,
    "time": 1764100009.9216225
}