{
    "trial_number": 2,
    "params": {
        "time_left_for_this_task": 60,
        "per_run_time_limit": 60,
        "ensemble_size": 40
    },
    "value": 0.9999999999498405,
    "time": 1764097545.1004744
}