{
    "trial_number": 8,
    "params": {
        "time_left_for_this_task": 300,
        "per_run_time_limit": 15,
        "ensemble_size": 20
    },
    "value": 0.9930067641121207,
    "time": 1764083632.875913
}