{
    "trial_number": 5,
    "params": {
        "time_left_for_this_task": 240,
        "per_run_time_limit": 30,
        "ensemble_size": 30
    },
    "value": 0.9085602963256345,
    "time": 1764082975.5363863
}