{
    "trial_number": 0,
    "params": {
        "time_left_for_this_task": 180,
        "per_run_time_limit": 15,
        "ensemble_size": 10
    },
    "value": 0.7710108347870462,
    "time": 1764081871.9300194
}