{
    "trial_number": 7,
    "params": {
        "time_left_for_this_task": 300,
        "per_run_time_limit": 60,
        "ensemble_size": 30
    },
    "value": 0.9906536586952482,
    "time": 1764083338.6429343
}