{
    "trial_number": 15,
    "params": {
        "time_left_for_this_task": 300,
        "per_run_time_limit": 15,
        "ensemble_size": 20
    },
    "value": 0.9085602963256345,
    "time": 1764085366.0324633
}