{
    "trial_number": 7,
    "params": {
        "time_left_for_this_task": 60,
        "per_run_time_limit": 30,
        "ensemble_size": 30
    },
    "value": 0.26552010778913016,
    "time": 1764065865.382631
}