{
    "trial_number": 19,
    "params": {
        "time_left_for_this_task": 180,
        "per_run_time_limit": 45,
        "ensemble_size": 40
    },
    "value": 0.6330419535925819,
    "time": 1764068306.9961748
}