{
    "trial_number": 12,
    "params": {
        "time_left_for_this_task": 60,
        "per_run_time_limit": 60,
        "ensemble_size": 50
    },
    "value": 0.9834699358455762,
    "time": 1764047609.6893468
}