{
    "trial_number": 3,
    "params": {
        "time_left_for_this_task": 240,
        "per_run_time_limit": 15,
        "ensemble_size": 40
    },
    "value": 0.9750998267305059,
    "time": 1764046233.8782494
}