{
    "trial_number": 17,
    "params": {
        "time_left_for_this_task": 60,
        "per_run_time_limit": 45,
        "ensemble_size": 40
    },
    "value": 0.9834699358455762,
    "time": 1764048027.328626
}