{
    "trial_number": 4,
    "params": {
        "time_left_for_this_task": 180,
        "per_run_time_limit": 30,
        "ensemble_size": 30
    },
    "value": 0.9750998267305059,
    "time": 1764046408.825851
}