{
    "trial_number": 2,
    "params": {
        "time_left_for_this_task": 240,
        "per_run_time_limit": 30,
        "ensemble_size": 40
    },
    "value": 0.9750998267305059,
    "time": 1764045997.9757767
}