{
    "trial_number": 9,
    "params": {
        "time_left_for_this_task": 240,
        "per_run_time_limit": 15,
        "ensemble_size": 30
    },
    "value": 0.9750998267305059,
    "time": 1764047434.2372172
}