{
    "trial_number": 10,
    "params": {
        "time_left_for_this_task": 240,
        "per_run_time_limit": 60,
        "ensemble_size": 10
    },
    "value": 0.9206504346878012,
    "time": 1764073090.7365987
}