{
    "trial_number": 4,
    "params": {
        "time_left_for_this_task": 60,
        "per_run_time_limit": 45,
        "ensemble_size": 40
    },
    "value": 0.916629083515989,
    "time": 1764072179.7528784
}