{
    "trial_number": 18,
    "params": {
        "time_left_for_this_task": 240,
        "per_run_time_limit": 45,
        "ensemble_size": 40
    },
    "value": 0.9219124670328407,
    "time": 1764074897.4654183
}