{
    "trial_number": 7,
    "params": {
        "time_left_for_this_task": 180,
        "per_run_time_limit": 30,
        "ensemble_size": 40
    },
    "value": 0.9219124670328407,
    "time": 1764072666.432597
}