{
    "trial_number": 7,
    "params": {
        "time_left_for_this_task": 60,
        "per_run_time_limit": 60,
        "ensemble_size": 20
    },
    "value": 0.6123724356530185,
    "time": 1764101817.66184
}