{
    "trial_number": 13,
    "params": {
        "time_left_for_this_task": 120,
        "per_run_time_limit": 15,
        "ensemble_size": 30
    },
    "value": 0.7847348746190522,
    "time": 1764102888.2759182
}