{
    "trial_number": 10,
    "params": {
        "time_left_for_this_task": 240,
        "per_run_time_limit": 15,
        "ensemble_size": 50
    },
    "value": 0.6123724356530185,
    "time": 1764102532.9888935
}