{
    "trial_number": 11,
    "params": {
        "time_left_for_this_task": 120,
        "per_run_time_limit": 15,
        "ensemble_size": 20
    },
    "value": 0.707106781137154,
    "time": 1764102650.8310816
}