{
    "trial_number": 10,
    "params": {
        "time_left_for_this_task": 120,
        "per_run_time_limit": 15,
        "ensemble_size": 30
    },
    "value": 0.5025383323022291,
    "time": 1764063620.2203004
}