{
    "trial_number": 19,
    "params": {
        "time_left_for_this_task": 60,
        "per_run_time_limit": 45,
        "ensemble_size": 40
    },
    "value": 0.9210526315789473,
    "time": 1764153169.0948496
}