{
    "trial_number": 4,
    "params": {
        "time_left_for_this_task": 180,
        "per_run_time_limit": 60,
        "ensemble_size": 30
    },
    "value": 0.9342105263157895,
    "time": 1764149663.744858
}