{
    "trial_number": 12,
    "params": {
        "time_left_for_this_task": 300,
        "per_run_time_limit": 30,
        "ensemble_size": 50
    },
    "value": 0.9473684210526315,
    "time": 1764151723.4902864
}