{
    "trial_number": 3,
    "params": {
        "time_left_for_this_task": 180,
        "per_run_time_limit": 60,
        "ensemble_size": 40
    },
    "value": 0.9144736842105263,
    "time": 1764149483.8440135
}