{
    "trial_number": 4,
    "params": {
        "time_left_for_this_task": 120,
        "per_run_time_limit": 60,
        "ensemble_size": 30
    },
    "value": 0.5502009527664211,
    "time": 1764058041.617227
}