{
    "trial_number": 6,
    "params": {
        "time_left_for_this_task": 300,
        "per_run_time_limit": 45,
        "ensemble_size": 20
    },
    "value": 0.59148476514053,
    "time": 1764058522.7352164
}