{
    "trial_number": 6,
    "params": {
        "time_left_for_this_task": 60,
        "per_run_time_limit": 30,
        "ensemble_size": 20
    },
    "value": 0.9072164948453608,
    "time": 1764117792.3096168
}