{
    "trial_number": 18,
    "params": {
        "time_left_for_this_task": 120,
        "per_run_time_limit": 30,
        "ensemble_size": 10
    },
    "value": 0.9072164948453608,
    "time": 1764119893.7218773
}