{
    "trial_number": 8,
    "params": {
        "time_left_for_this_task": 60,
        "per_run_time_limit": 45,
        "ensemble_size": 50
    },
    "value": 0.6130663423507038,
    "time": 1764058638.0003276
}