{
    "trial_number": 19,
    "params": {
        "time_left_for_this_task": 180,
        "per_run_time_limit": 15,
        "ensemble_size": 20
    },
    "value": 0.8969072164948454,
    "time": 1764120069.5761743
}