{
    "trial_number": 2,
    "params": {
        "time_left_for_this_task": 60,
        "per_run_time_limit": 15,
        "ensemble_size": 50
    },
    "value": 0.6130663423507038,
    "time": 1764057741.9110591
}