{
    "trial_number": 11,
    "params": {
        "time_left_for_this_task": 180,
        "per_run_time_limit": 60,
        "ensemble_size": 50
    },
    "value": 0.8865979381443299,
    "time": 1764118565.2853603
}