{
    "trial_number": 7,
    "params": {
        "time_left_for_this_task": 180,
        "per_run_time_limit": 15,
        "ensemble_size": 10
    },
    "value": 0.7763157894736842,
    "time": 1764143330.533063
}