{
    "trial_number": 15,
    "params": {
        "time_left_for_this_task": 120,
        "per_run_time_limit": 30,
        "ensemble_size": 10
    },
    "value": 0.7122123115976279,
    "time": 1764111059.1068897
}