{
    "trial_number": 14,
    "params": {
        "time_left_for_this_task": 180,
        "per_run_time_limit": 45,
        "ensemble_size": 40
    },
    "value": 0.677449037233956,
    "time": 1764110936.3193762
}