{
    "trial_number": 6,
    "params": {
        "time_left_for_this_task": 240,
        "per_run_time_limit": 30,
        "ensemble_size": 20
    },
    "value": 0.6950480468429684,
    "time": 1764109553.1940093
}