{
    "trial_number": 4,
    "params": {
        "time_left_for_this_task": 120,
        "per_run_time_limit": 45,
        "ensemble_size": 40
    },
    "value": 0.44285714285714284,
    "time": 1764120907.1224456
}