{
    "trial_number": 2,
    "params": {
        "time_left_for_this_task": 300,
        "per_run_time_limit": 45,
        "ensemble_size": 30
    },
    "value": 0.4857142857142857,
    "time": 1764120666.7245078
}