{
    "trial_number": 8,
    "params": {
        "time_left_for_this_task": 240,
        "per_run_time_limit": 60,
        "ensemble_size": 40
    },
    "value": 0.42208854156893383,
    "time": 1764049846.4868927
}