{
    "trial_number": 2,
    "params": {
        "time_left_for_this_task": 120,
        "per_run_time_limit": 60,
        "ensemble_size": 30
    },
    "value": 0.5442191092256212,
    "time": 1764048684.6343083
}