{
    "trial_number": 7,
    "params": {
        "time_left_for_this_task": 60,
        "per_run_time_limit": 60,
        "ensemble_size": 50
    },
    "value": 0.5512427438953745,
    "time": 1764049593.3018873
}