{
    "trial_number": 9,
    "params": {
        "time_left_for_this_task": 60,
        "per_run_time_limit": 30,
        "ensemble_size": 50
    },
    "value": 0.5047786999330708,
    "time": 1764049914.5028517
}