{
    "trial_number": 6,
    "params": {
        "time_left_for_this_task": 60,
        "per_run_time_limit": 15,
        "ensemble_size": 10
    },
    "value": 0.5407071684383767,
    "time": 1764049525.6032786
}