{
    "trial_number": 10,
    "params": {
        "time_left_for_this_task": 180,
        "per_run_time_limit": 30,
        "ensemble_size": 40
    },
    "value": 0.4206222496656319,
    "time": 1764114164.2189333
}