{
    "trial_number": 2,
    "params": {
        "time_left_for_this_task": 120,
        "per_run_time_limit": 45,
        "ensemble_size": 50
    },
    "value": 0.6638357975152808,
    "time": 1764075369.7566383
}