{
    "trial_number": 1,
    "params": {
        "time_left_for_this_task": 240,
        "per_run_time_limit": 30,
        "ensemble_size": 40
    },
    "value": 0.7107142857142857,
    "time": 1764124794.907988
}