{
    "trial_number": 8,
    "params": {
        "time_left_for_this_task": 180,
        "per_run_time_limit": 15,
        "ensemble_size": 20
    },
    "value": 0.9868421052631579,
    "time": 1764138798.7417183
}