{
    "trial_number": 12,
    "params": {
        "time_left_for_this_task": 300,
        "per_run_time_limit": 30,
        "ensemble_size": 20
    },
    "value": 0.993421052631579,
    "time": 1764139810.84667
}