{
    "trial_number": 4,
    "params": {
        "time_left_for_this_task": 120,
        "per_run_time_limit": 15,
        "ensemble_size": 10
    },
    "value": 0.6061341836592302,
    "time": 1764090151.027279
}