{
    "trial_number": 2,
    "params": {
        "time_left_for_this_task": 60,
        "per_run_time_limit": 30,
        "ensemble_size": 40
    },
    "value": 0.6061341836592302,
    "time": 1764089796.084116
}