{
    "trial_number": 17,
    "params": {
        "time_left_for_this_task": 240,
        "per_run_time_limit": 15,
        "ensemble_size": 30
    },
    "value": 0.6061341836592302,
    "time": 1764092765.840554
}