{
    "trial_number": 7,
    "params": {
        "time_left_for_this_task": 240,
        "per_run_time_limit": 60,
        "ensemble_size": 50
    },
    "value": 0.6061341836592302,
    "time": 1764090690.0808291
}