{
    "trial_number": 15,
    "params": {
        "time_left_for_this_task": 300,
        "per_run_time_limit": 30,
        "ensemble_size": 40
    },
    "value": 0.6061341836592302,
    "time": 1764092352.6582298
}