{
    "trial_number": 2,
    "params": {
        "time_left_for_this_task": 240,
        "per_run_time_limit": 60,
        "ensemble_size": 50
    },
    "value": 0.20201971638940597,
    "time": 1764068956.6283243
}