{
    "trial_number": 18,
    "params": {
        "time_left_for_this_task": 180,
        "per_run_time_limit": 60,
        "ensemble_size": 50
    },
    "value": 0.20201971638940597,
    "time": 1764071344.5440254
}