{
    "trial_number": 17,
    "params": {
        "time_left_for_this_task": 240,
        "per_run_time_limit": 45,
        "ensemble_size": 20
    },
    "value": 0.20149017493761529,
    "time": 1764071163.17273
}