{
    "trial_number": 14,
    "params": {
        "time_left_for_this_task": 180,
        "per_run_time_limit": 45,
        "ensemble_size": 40
    },
    "value": 0.7476217823207549,
    "time": 1764056365.687071
}