{
    "trial_number": 16,
    "params": {
        "time_left_for_this_task": 120,
        "per_run_time_limit": 45,
        "ensemble_size": 30
    },
    "value": 0.7476217823207549,
    "time": 1764056604.0092676
}