{
    "trial_number": 6,
    "params": {
        "time_left_for_this_task": 240,
        "per_run_time_limit": 60,
        "ensemble_size": 10
    },
    "value": 0.7177899988215546,
    "time": 1764055045.975279
}