{
    "trial_number": 5,
    "params": {
        "time_left_for_this_task": 300,
        "per_run_time_limit": 60,
        "ensemble_size": 20
    },
    "value": 0.5301230469899918,
    "time": 1764054803.9858472
}