{
    "trial_number": 4,
    "params": {
        "time_left_for_this_task": 240,
        "per_run_time_limit": 15,
        "ensemble_size": 40
    },
    "value": 0.7791937224622122,
    "time": 1764104681.2710257
}