{
    "trial_number": 11,
    "params": {
        "time_left_for_this_task": 300,
        "per_run_time_limit": 60,
        "ensemble_size": 30
    },
    "value": 0.8119012707524713,
    "time": 1764106065.208772
}