{
    "trial_number": 5,
    "params": {
        "time_left_for_this_task": 120,
        "per_run_time_limit": 30,
        "ensemble_size": 40
    },
    "value": 0.7679817174578655,
    "time": 1764104800.0718703
}