{
    "trial_number": 16,
    "params": {
        "time_left_for_this_task": 120,
        "per_run_time_limit": 60,
        "ensemble_size": 50
    },
    "value": 0.789293592659118,
    "time": 1764081274.0237062
}