{
    "trial_number": 1,
    "params": {
        "time_left_for_this_task": 180,
        "per_run_time_limit": 45,
        "ensemble_size": 20
    },
    "value": 0.7676106163909616,
    "time": 1764079197.435155
}