{
    "trial_number": 5,
    "params": {
        "time_left_for_this_task": 180,
        "per_run_time_limit": 15,
        "ensemble_size": 50
    },
    "value": 0.74595487629818,
    "time": 1764079908.803935
}