{
    "trial_number": 0,
    "params": {
        "time_left_for_this_task": 240,
        "per_run_time_limit": 30,
        "ensemble_size": 50
    },
    "value": 0.7408091651755114,
    "time": 1764079008.3927834
}