{
    "trial_number": 2,
    "params": {
        "time_left_for_this_task": 180,
        "per_run_time_limit": 30,
        "ensemble_size": 10
    },
    "value": 0.7702128056856147,
    "time": 1764079371.87637
}