{
    "trial_number": 3,
    "params": {
        "time_left_for_this_task": 60,
        "per_run_time_limit": 60,
        "ensemble_size": 30
    },
    "value": 0.7535968266773796,
    "time": 1764079428.3662312
}