{
    "trial_number": 12,
    "params": {
        "time_left_for_this_task": 240,
        "per_run_time_limit": 30,
        "ensemble_size": 10
    },
    "value": 0.9780299673404921,
    "time": 1764095563.8010302
}