{
    "trial_number": 0,
    "params": {
        "time_left_for_this_task": 300,
        "per_run_time_limit": 15,
        "ensemble_size": 20
    },
    "value": 0.9793792286129659,
    "time": 1764093231.8649287
}