{
    "trial_number": 16,
    "params": {
        "time_left_for_this_task": 120,
        "per_run_time_limit": 45,
        "ensemble_size": 10
    },
    "value": 0.9897433185948656,
    "time": 1764096462.2829165
}