{
    "trial_number": 6,
    "params": {
        "time_left_for_this_task": 120,
        "per_run_time_limit": 60,
        "ensemble_size": 40
    },
    "value": 0.9631879839403765,
    "time": 1764094538.3091538
}