{
    "trial_number": 6,
    "params": {
        "time_left_for_this_task": 120,
        "per_run_time_limit": 15,
        "ensemble_size": 20
    },
    "value": 0.9503819265979565,
    "time": 1764052492.9041436
}