{
    "trial_number": 7,
    "params": {
        "time_left_for_this_task": 60,
        "per_run_time_limit": 15,
        "ensemble_size": 30
    },
    "value": 0.26881720430107525,
    "time": 1764135516.9959059
}