{
    "trial_number": 11,
    "params": {
        "time_left_for_this_task": 60,
        "per_run_time_limit": 60,
        "ensemble_size": 30
    },
    "value": 0.26881720430107525,
    "time": 1764136106.0666828
}