{
    "trial_number": 17,
    "params": {
        "time_left_for_this_task": 120,
        "per_run_time_limit": 15,
        "ensemble_size": 50
    },
    "value": 0.9999999999498405,
    "time": 1764100132.2209616
}