{
    "trial_number": 1,
    "params": {
        "time_left_for_this_task": 180,
        "per_run_time_limit": 45,
        "ensemble_size": 10
    },
    "value": 0.21505376344086022,
    "time": 1764134321.340791
}