{
    "trial_number": 14,
    "params": {
        "time_left_for_this_task": 180,
        "per_run_time_limit": 15,
        "ensemble_size": 30
    },
    "value": 0.9999999999498405,
    "time": 1764099649.2187297
}