{
    "trial_number": 17,
    "params": {
        "time_left_for_this_task": 60,
        "per_run_time_limit": 60,
        "ensemble_size": 40
    },
    "value": 0.23655913978494625,
    "time": 1764136628.5438821
}