{
    "trial_number": 4,
    "params": {
        "time_left_for_this_task": 240,
        "per_run_time_limit": 30,
        "ensemble_size": 30
    },
    "value": 0.9999999999498405,
    "time": 1764097845.1056805
}