{
    "trial_number": 13,
    "params": {
        "time_left_for_this_task": 240,
        "per_run_time_limit": 45,
        "ensemble_size": 50
    },
    "value": 0.9999999999498405,
    "time": 1764099469.2014897
}