{
    "trial_number": 9,
    "params": {
        "time_left_for_this_task": 300,
        "per_run_time_limit": 15,
        "ensemble_size": 10
    },
    "value": 0.1935483870967742,
    "time": 1764135994.9102705
}