{
    "trial_number": 10,
    "params": {
        "time_left_for_this_task": 180,
        "per_run_time_limit": 45,
        "ensemble_size": 20
    },
    "value": 0.8914135401178319,
    "time": 1764083933.042588
}