{
    "trial_number": 14,
    "params": {
        "time_left_for_this_task": 240,
        "per_run_time_limit": 45,
        "ensemble_size": 40
    },
    "value": 0.9906536586952482,
    "time": 1764085071.521054
}