{
    "trial_number": 3,
    "params": {
        "time_left_for_this_task": 240,
        "per_run_time_limit": 30,
        "ensemble_size": 10
    },
    "value": 0.7787214546483651,
    "time": 1764082489.2160304
}