{
    "trial_number": 6,
    "params": {
        "time_left_for_this_task": 300,
        "per_run_time_limit": 60,
        "ensemble_size": 10
    },
    "value": 0.6060915267165677,
    "time": 1764065810.1862285
}