{
    "trial_number": 16,
    "params": {
        "time_left_for_this_task": 180,
        "per_run_time_limit": 30,
        "ensemble_size": 40
    },
    "value": 0.6330419535925819,
    "time": 1764067588.3257585
}