{
    "trial_number": 15,
    "params": {
        "time_left_for_this_task": 240,
        "per_run_time_limit": 15,
        "ensemble_size": 50
    },
    "value": 0.6330419535925819,
    "time": 1764067411.7770216
}