{
    "trial_number": 10,
    "params": {
        "time_left_for_this_task": 300,
        "per_run_time_limit": 45,
        "ensemble_size": 40
    },
    "value": 0.6102859817935342,
    "time": 1764066338.42775
}