{
    "trial_number": 1,
    "params": {
        "time_left_for_this_task": 60,
        "per_run_time_limit": 60,
        "ensemble_size": 50
    },
    "value": 0.3251943902660791,
    "time": 1764064865.492275
}