{
    "trial_number": 8,
    "params": {
        "time_left_for_this_task": 120,
        "per_run_time_limit": 30,
        "ensemble_size": 20
    },
    "value": 0.9750998267305059,
    "time": 1764047191.1565425
}