{
    "trial_number": 1,
    "params": {
        "time_left_for_this_task": 180,
        "per_run_time_limit": 30,
        "ensemble_size": 50
    },
    "value": 0.9750998267305059,
    "time": 1764045760.8053722
}