{
    "trial_number": 2,
    "params": {
        "time_left_for_this_task": 240,
        "per_run_time_limit": 45,
        "ensemble_size": 20
    },
    "value": 0.9219124670328407,
    "time": 1764072060.7993412
}