{
    "trial_number": 8,
    "params": {
        "time_left_for_this_task": 120,
        "per_run_time_limit": 60,
        "ensemble_size": 50
    },
    "value": 0.9219124670328407,
    "time": 1764072787.5221972
}