{
    "trial_number": 11,
    "params": {
        "time_left_for_this_task": 300,
        "per_run_time_limit": 15,
        "ensemble_size": 50
    },
    "value": 0.9219124670328407,
    "time": 1764073390.647621
}