{
    "trial_number": 3,
    "params": {
        "time_left_for_this_task": 60,
        "per_run_time_limit": 30,
        "ensemble_size": 20
    },
    "value": 0.916629083515989,
    "time": 1764072120.943353
}