{
    "trial_number": 19,
    "params": {
        "time_left_for_this_task": 120,
        "per_run_time_limit": 30,
        "ensemble_size": 20
    },
    "value": 0.9219124670328407,
    "time": 1764075017.0814059
}