{
    "trial_number": 5,
    "params": {
        "time_left_for_this_task": 300,
        "per_run_time_limit": 30,
        "ensemble_size": 40
    },
    "value": 0.49630991263257257,
    "time": 1764101582.075981
}