{
    "trial_number": 14,
    "params": {
        "time_left_for_this_task": 120,
        "per_run_time_limit": 30,
        "ensemble_size": 30
    },
    "value": 0.7847348746190522,
    "time": 1764103007.2318535
}