{
    "trial_number": 19,
    "params": {
        "time_left_for_this_task": 240,
        "per_run_time_limit": 60,
        "ensemble_size": 30
    },
    "value": 0.6966305459705743,
    "time": 1764103848.9781437
}