{
    "trial_number": 9,
    "params": {
        "time_left_for_this_task": 180,
        "per_run_time_limit": 30,
        "ensemble_size": 10
    },
    "value": 0.707106781137154,
    "time": 1764102292.467042
}