{
    "trial_number": 8,
    "params": {
        "time_left_for_this_task": 300,
        "per_run_time_limit": 60,
        "ensemble_size": 10
    },
    "value": 0.4183519823551818,
    "time": 1764063442.131632
}