{
    "trial_number": 13,
    "params": {
        "time_left_for_this_task": 120,
        "per_run_time_limit": 30,
        "ensemble_size": 30
    },
    "value": 0.4429406724817107,
    "time": 1764063976.716326
}