{
    "trial_number": 3,
    "params": {
        "time_left_for_this_task": 180,
        "per_run_time_limit": 45,
        "ensemble_size": 10
    },
    "value": 0.4183519823551818,
    "time": 1764062364.4187033
}