{
    "trial_number": 19,
    "params": {
        "time_left_for_this_task": 60,
        "per_run_time_limit": 30,
        "ensemble_size": 40
    },
    "value": 0.4774999027528974,
    "time": 1764064572.906255
}