{
    "trial_number": 17,
    "params": {
        "time_left_for_this_task": 180,
        "per_run_time_limit": 15,
        "ensemble_size": 20
    },
    "value": 0.9276315789473685,
    "time": 1764152809.6571133
}