{
    "trial_number": 6,
    "params": {
        "time_left_for_this_task": 300,
        "per_run_time_limit": 30,
        "ensemble_size": 10
    },
    "value": 0.9407894736842105,
    "time": 1764150026.0753155
}