{
    "trial_number": 1,
    "params": {
        "time_left_for_this_task": 300,
        "per_run_time_limit": 60,
        "ensemble_size": 30
    },
    "value": 0.9342105263157895,
    "time": 1764149067.6440718
}