{
    "trial_number": 14,
    "params": {
        "time_left_for_this_task": 120,
        "per_run_time_limit": 45,
        "ensemble_size": 20
    },
    "value": 0.9072164948453608,
    "time": 1764119045.2134802
}