{
    "trial_number": 15,
    "params": {
        "time_left_for_this_task": 240,
        "per_run_time_limit": 30,
        "ensemble_size": 30
    },
    "value": 0.6062919206847425,
    "time": 1764060447.7207596
}