{
    "trial_number": 16,
    "params": {
        "time_left_for_this_task": 300,
        "per_run_time_limit": 60,
        "ensemble_size": 40
    },
    "value": 0.609688540654515,
    "time": 1764060749.9701178
}