{
    "trial_number": 0,
    "params": {
        "time_left_for_this_task": 60,
        "per_run_time_limit": 30,
        "ensemble_size": 20
    },
    "value": 0.9175257731958762,
    "time": 1764116532.6120749
}