{
    "trial_number": 7,
    "params": {
        "time_left_for_this_task": 240,
        "per_run_time_limit": 45,
        "ensemble_size": 30
    },
    "value": 0.9072164948453608,
    "time": 1764118032.4987125
}