{
    "trial_number": 12,
    "params": {
        "time_left_for_this_task": 240,
        "per_run_time_limit": 45,
        "ensemble_size": 40
    },
    "value": 0.59148476514053,
    "time": 1764059657.595304
}