{
    "trial_number": 10,
    "params": {
        "time_left_for_this_task": 180,
        "per_run_time_limit": 60,
        "ensemble_size": 20
    },
    "value": 0.9175257731958762,
    "time": 1764118387.2364323
}