{
    "trial_number": 10,
    "params": {
        "time_left_for_this_task": 60,
        "per_run_time_limit": 15,
        "ensemble_size": 40
    },
    "value": 0.6973684210526315,
    "time": 1764143864.4527073
}