{
    "trial_number": 16,
    "params": {
        "time_left_for_this_task": 120,
        "per_run_time_limit": 15,
        "ensemble_size": 20
    },
    "value": 0.7105263157894737,
    "time": 1764144875.745182
}