{
    "trial_number": 8,
    "params": {
        "time_left_for_this_task": 60,
        "per_run_time_limit": 45,
        "ensemble_size": 40
    },
    "value": 0.645713073625104,
    "time": 1764109734.239825
}