{
    "trial_number": 1,
    "params": {
        "time_left_for_this_task": 300,
        "per_run_time_limit": 45,
        "ensemble_size": 10
    },
    "value": 0.7613869876116024,
    "time": 1764108517.6578312
}