{
    "trial_number": 2,
    "params": {
        "time_left_for_this_task": 240,
        "per_run_time_limit": 15,
        "ensemble_size": 30
    },
    "value": 0.6950480468429684,
    "time": 1764108761.1123304
}