{
    "trial_number": 1,
    "params": {
        "time_left_for_this_task": 180,
        "per_run_time_limit": 30,
        "ensemble_size": 20
    },
    "value": 0.4714285714285714,
    "time": 1764120366.8534622
}