{
    "trial_number": 6,
    "params": {
        "time_left_for_this_task": 60,
        "per_run_time_limit": 15,
        "ensemble_size": 50
    },
    "value": 0.4714285714285714,
    "time": 1764121023.723156
}