{
    "trial_number": 13,
    "params": {
        "time_left_for_this_task": 240,
        "per_run_time_limit": 30,
        "ensemble_size": 20
    },
    "value": 0.4857142857142857,
    "time": 1764122576.0413644
}