{
    "trial_number": 10,
    "params": {
        "time_left_for_this_task": 300,
        "per_run_time_limit": 60,
        "ensemble_size": 30
    },
    "value": 0.4857142857142857,
    "time": 1764121801.6871662
}