{
    "trial_number": 14,
    "params": {
        "time_left_for_this_task": 240,
        "per_run_time_limit": 45,
        "ensemble_size": 30
    },
    "value": 0.4714285714285714,
    "time": 1764122817.3778064
}