{
    "trial_number": 16,
    "params": {
        "time_left_for_this_task": 240,
        "per_run_time_limit": 30,
        "ensemble_size": 10
    },
    "value": 0.4857142857142857,
    "time": 1764123355.8789415
}