{
    "trial_number": 1,
    "params": {
        "time_left_for_this_task": 120,
        "per_run_time_limit": 15,
        "ensemble_size": 20
    },
    "value": 0.5236451551602358,
    "time": 1764048568.220368
}