{
    "trial_number": 5,
    "params": {
        "time_left_for_this_task": 240,
        "per_run_time_limit": 30,
        "ensemble_size": 40
    },
    "value": 0.5290722546401896,
    "time": 1764049469.4260159
}