{
    "trial_number": 16,
    "params": {
        "time_left_for_this_task": 180,
        "per_run_time_limit": 60,
        "ensemble_size": 40
    },
    "value": 0.4206222496656319,
    "time": 1764115125.0665054
}