{
    "trial_number": 6,
    "params": {
        "time_left_for_this_task": 240,
        "per_run_time_limit": 15,
        "ensemble_size": 50
    },
    "value": 0.38397382388406065,
    "time": 1764113629.2926214
}