{
    "trial_number": 13,
    "params": {
        "time_left_for_this_task": 120,
        "per_run_time_limit": 45,
        "ensemble_size": 20
    },
    "value": 0.4003203845021966,
    "time": 1764114586.3965657
}