{
    "trial_number": 3,
    "params": {
        "time_left_for_this_task": 300,
        "per_run_time_limit": 60,
        "ensemble_size": 30
    },
    "value": 0.3881250128928917,
    "time": 1764112789.7031772
}