{
    "trial_number": 5,
    "params": {
        "time_left_for_this_task": 300,
        "per_run_time_limit": 15,
        "ensemble_size": 50
    },
    "value": 0.45432395534398873,
    "time": 1764113388.1703916
}