{
    "trial_number": 19,
    "params": {
        "time_left_for_this_task": 240,
        "per_run_time_limit": 30,
        "ensemble_size": 10
    },
    "value": 0.4206222496656319,
    "time": 1764115720.3221252
}