{
    "trial_number": 1,
    "params": {
        "time_left_for_this_task": 180,
        "per_run_time_limit": 60,
        "ensemble_size": 20
    },
    "value": 0.4206222496656319,
    "time": 1764112185.5329235
}