{
    "trial_number": 18,
    "params": {
        "time_left_for_this_task": 240,
        "per_run_time_limit": 30,
        "ensemble_size": 40
    },
    "value": 0.6638357975152808,
    "time": 1764078710.6882741
}