{
    "trial_number": 1,
    "params": {
        "time_left_for_this_task": 120,
        "per_run_time_limit": 30,
        "ensemble_size": 40
    },
    "value": 0.6145925242881886,
    "time": 1764075255.035782
}