{
    "trial_number": 12,
    "params": {
        "time_left_for_this_task": 120,
        "per_run_time_limit": 30,
        "ensemble_size": 40
    },
    "value": 0.7321428571428571,
    "time": 1764126279.0491676
}