{
    "trial_number": 13,
    "params": {
        "time_left_for_this_task": 240,
        "per_run_time_limit": 30,
        "ensemble_size": 50
    },
    "value": 0.7107142857142857,
    "time": 1764126516.1002784
}