{
    "trial_number": 0,
    "params": {
        "time_left_for_this_task": 300,
        "per_run_time_limit": 45,
        "ensemble_size": 10
    },
    "value": 0.7285714285714285,
    "time": 1764124555.9125938
}