{
    "trial_number": 6,
    "params": {
        "time_left_for_this_task": 180,
        "per_run_time_limit": 60,
        "ensemble_size": 30
    },
    "value": 0.6061341836592302,
    "time": 1764090452.370096
}