{
    "trial_number": 16,
    "params": {
        "time_left_for_this_task": 180,
        "per_run_time_limit": 45,
        "ensemble_size": 50
    },
    "value": 0.6061341836592302,
    "time": 1764092529.6096413
}