{
    "trial_number": 13,
    "params": {
        "time_left_for_this_task": 120,
        "per_run_time_limit": 45,
        "ensemble_size": 20
    },
    "value": 0.6061341836592302,
    "time": 1764091931.051067
}