{
    "trial_number": 0,
    "params": {
        "time_left_for_this_task": 120,
        "per_run_time_limit": 15,
        "ensemble_size": 50
    },
    "value": 0.6061341836592302,
    "time": 1764089441.5320666
}