{
    "trial_number": 10,
    "params": {
        "time_left_for_this_task": 180,
        "per_run_time_limit": 45,
        "ensemble_size": 20
    },
    "value": 0.20149017493761529,
    "time": 1764069954.5147805
}