{
    "trial_number": 1,
    "params": {
        "time_left_for_this_task": 180,
        "per_run_time_limit": 30,
        "ensemble_size": 20
    },
    "value": 0.6121333677665929,
    "time": 1764054274.964706
}