{
    "trial_number": 16,
    "params": {
        "time_left_for_this_task": 180,
        "per_run_time_limit": 15,
        "ensemble_size": 40
    },
    "value": 0.7679817174578655,
    "time": 1764107379.2965407
}