{
    "trial_number": 15,
    "params": {
        "time_left_for_this_task": 240,
        "per_run_time_limit": 45,
        "ensemble_size": 30
    },
    "value": 0.7902466677560275,
    "time": 1764107202.8172846
}