{
    "trial_number": 8,
    "params": {
        "time_left_for_this_task": 120,
        "per_run_time_limit": 15,
        "ensemble_size": 50
    },
    "value": 0.7679817174578655,
    "time": 1764105159.3124356
}