{
    "trial_number": 2,
    "params": {
        "time_left_for_this_task": 240,
        "per_run_time_limit": 15,
        "ensemble_size": 10
    },
    "value": 0.9551569506726457,
    "time": 1764145898.8748608
}