{
    "trial_number": 7,
    "params": {
        "time_left_for_this_task": 240,
        "per_run_time_limit": 15,
        "ensemble_size": 20
    },
    "value": 0.9506726457399103,
    "time": 1764147161.2759738
}