{
    "trial_number": 18,
    "params": {
        "time_left_for_this_task": 60,
        "per_run_time_limit": 60,
        "ensemble_size": 40
    },
    "value": 0.9506726457399103,
    "time": 1764148529.9455051
}