{
    "trial_number": 12,
    "params": {
        "time_left_for_this_task": 120,
        "per_run_time_limit": 60,
        "ensemble_size": 50
    },
    "value": 0.9506726457399103,
    "time": 1764147763.695381
}