{
    "trial_number": 1,
    "params": {
        "time_left_for_this_task": 120,
        "per_run_time_limit": 15,
        "ensemble_size": 10
    },
    "value": 0.9506726457399103,
    "time": 1764145658.4992743
}