{
    "trial_number": 10,
    "params": {
        "time_left_for_this_task": 60,
        "per_run_time_limit": 60,
        "ensemble_size": 30
    },
    "value": 0.9596412556053812,
    "time": 1764147525.4333253
}