{
    "trial_number": 15,
    "params": {
        "time_left_for_this_task": 60,
        "per_run_time_limit": 60,
        "ensemble_size": 50
    },
    "value": 0.9506726457399103,
    "time": 1764148172.7882345
}