{
    "trial_number": 6,
    "params": {
        "time_left_for_this_task": 240,
        "per_run_time_limit": 15,
        "ensemble_size": 30
    },
    "value": 0.9461883408071748,
    "time": 1764146915.861523
}