{
    "trial_number": 17,
    "params": {
        "time_left_for_this_task": 180,
        "per_run_time_limit": 30,
        "ensemble_size": 20
    },
    "value": 0.9596412556053812,
    "time": 1764148468.4825342
}