{
    "trial_number": 8,
    "params": {
        "time_left_for_this_task": 60,
        "per_run_time_limit": 15,
        "ensemble_size": 10
    },
    "value": 0.7703758407603154,
    "time": 1764080143.4808204
}