{
    "trial_number": 7,
    "params": {
        "time_left_for_this_task": 60,
        "per_run_time_limit": 60,
        "ensemble_size": 20
    },
    "value": 0.7535968266773796,
    "time": 1764080083.4613307
}