{
    "trial_number": 4,
    "params": {
        "time_left_for_this_task": 300,
        "per_run_time_limit": 60,
        "ensemble_size": 30
    },
    "value": 0.7361880123947667,
    "time": 1764079729.4114387
}