{
    "trial_number": 15,
    "params": {
        "time_left_for_this_task": 240,
        "per_run_time_limit": 30,
        "ensemble_size": 20
    },
    "value": 0.9780299673404921,
    "time": 1764096344.244677
}