{
    "trial_number": 18,
    "params": {
        "time_left_for_this_task": 180,
        "per_run_time_limit": 45,
        "ensemble_size": 30
    },
    "value": 0.9631879839403765,
    "time": 1764096943.3273268
}