{
    "trial_number": 1,
    "params": {
        "time_left_for_this_task": 180,
        "per_run_time_limit": 45,
        "ensemble_size": 30
    },
    "value": 0.7563025210084033,
    "time": 1764127815.1579392
}