{
    "trial_number": 3,
    "params": {
        "time_left_for_this_task": 120,
        "per_run_time_limit": 45,
        "ensemble_size": 30
    },
    "value": 0.7815126050420168,
    "time": 1764128121.4842076
}