{
    "trial_number": 8,
    "params": {
        "time_left_for_this_task": 120,
        "per_run_time_limit": 45,
        "ensemble_size": 50
    },
    "value": 0.7899159663865546,
    "time": 1764128955.408703
}