{
    "trial_number": 9,
    "params": {
        "time_left_for_this_task": 120,
        "per_run_time_limit": 60,
        "ensemble_size": 50
    },
    "value": 0.7647058823529411,
    "time": 1764129077.7291918
}