{
    "trial_number": 14,
    "params": {
        "time_left_for_this_task": 180,
        "per_run_time_limit": 15,
        "ensemble_size": 20
    },
    "value": 0.7478991596638656,
    "time": 1764129736.4574704
}