{
    "trial_number": 13,
    "params": {
        "time_left_for_this_task": 300,
        "per_run_time_limit": 45,
        "ensemble_size": 50
    },
    "value": 0.9280575539568345,
    "time": 1764156036.4785037
}