{
    "trial_number": 2,
    "params": {
        "time_left_for_this_task": 240,
        "per_run_time_limit": 30,
        "ensemble_size": 30
    },
    "value": 0.920863309352518,
    "time": 1764153833.2006154
}