{
    "trial_number": 11,
    "params": {
        "time_left_for_this_task": 180,
        "per_run_time_limit": 30,
        "ensemble_size": 20
    },
    "value": 0.920863309352518,
    "time": 1764155619.6784978
}