{
    "trial_number": 17,
    "params": {
        "time_left_for_this_task": 120,
        "per_run_time_limit": 45,
        "ensemble_size": 10
    },
    "value": 0.9280575539568345,
    "time": 1764156633.4443336
}