{
    "trial_number": 16,
    "params": {
        "time_left_for_this_task": 60,
        "per_run_time_limit": 30,
        "ensemble_size": 30
    },
    "value": 0.9424460431654677,
    "time": 1764156515.9640775
}