{
    "trial_number": 7,
    "params": {
        "time_left_for_this_task": 180,
        "per_run_time_limit": 60,
        "ensemble_size": 40
    },
    "value": 0.935251798561151,
    "time": 1764155027.59127
}