{
    "trial_number": 8,
    "params": {
        "time_left_for_this_task": 60,
        "per_run_time_limit": 45,
        "ensemble_size": 30
    },
    "value": 0.935251798561151,
    "time": 1764155082.4361677
}