{
    "trial_number": 15,
    "params": {
        "time_left_for_this_task": 240,
        "per_run_time_limit": 60,
        "ensemble_size": 50
    },
    "value": 0.935251798561151,
    "time": 1764156460.5192494
}