{
    "trial_number": 18,
    "params": {
        "time_left_for_this_task": 240,
        "per_run_time_limit": 60,
        "ensemble_size": 20
    },
    "value": 0.9503819265979565,
    "time": 1764053856.2072692
}