{
    "trial_number": 10,
    "params": {
        "time_left_for_this_task": 60,
        "per_run_time_limit": 60,
        "ensemble_size": 50
    },
    "value": 0.9503819265979565,
    "time": 1764053082.6430554
}