{
    "trial_number": 2,
    "params": {
        "time_left_for_this_task": 180,
        "per_run_time_limit": 60,
        "ensemble_size": 20
    },
    "value": 0.9406341619787748,
    "time": 1764051712.7860487
}